"nbagameid","gamedate","season","gametype","nbapersonid","player_name","nbateamid","team","team_name","opposingnbateamid","opp_team","opp_team_name","starter","missed","seconds","points","fg2made","fg2missed","fg2attempted","fg3made","fg3missed","fg3attempted","fgmade","fgmissed","fgattempted","ftmade","ftmissed","ftattempted","reboffensive","rebdefensive","offensivereboundchances","defensivereboundchances","assists","steals","stealsagainst","turnovers","blocks","blocksagainst","defensivefouls","defensivefoulsdrawn","offensivefouls","offensivefoulsdrawn","shootingfouls","shootingfoulsdrawn","shotattempts","shotattemptpoints","offensiveseconds","offensivepossessions","defensiveseconds","defensivepossessions","andones","teampoints","opponentteampoints","teamshotattempts","teamfgmade","teamfgattempted","teamturnovers","opponentteamfg2attempted","opponentteamfg3attempted"
"21700826","2018-02-10T00:00:00.000Z","2017","2","1627821","James Webb III","1610612751","BKN","Brooklyn Nets","1610612740","NOP","New Orleans Pelicans","0","0","418","0","0","0","0","0","1","1","0","1","1","0","0","0","0","0","7","3","1","0","0","0","0","0","1","0","0","0","1","0","1","0","219.7","15","198.3","15","0","17","26","14","6","13","1","9","4"
"21700826","2018-02-10T00:00:00.000Z","2017","2","1626156","D'Angelo Russell","1610612751","BKN","Brooklyn Nets","1610612740","NOP","New Orleans Pelicans","0","0","1895.4","21","2","3","5","5","8","13","7","11","18","2","0","2","2","7","38","23","5","1","3","5","0","0","3","4","0","0","1","0","18","19","988.1","71","907.3","72","0","81","84","71","26","66","8","40","12"
"21700826","2018-02-10T00:00:00.000Z","2017","2","203917","Nik Stauskas","1610612751","BKN","Brooklyn Nets","1610612740","NOP","New Orleans Pelicans","0","0","711.6","5","1","0","1","1","1","2","2","1","3","0","0","0","0","2","13","8","1","0","0","0","0","0","0","0","0","0","0","0","3","5","355.2","24","356.4","23","0","21","33","23","8","22","2","16","5"
"21700826","2018-02-10T00:00:00.000Z","2017","2","1626143","Jahlil Okafor","1610612751","BKN","Brooklyn Nets","1610612740","NOP","New Orleans Pelicans","0","0","308","6","3","1","4","0","0","0","3","1","4","0","0","0","0","1","5","2","0","0","0","0","0","0","0","0","0","0","0","0","4","6","171","11","137","10","0","11","18","10","4","9","1","8","2"
"21700826","2018-02-10T00:00:00.000Z","2017","2","202391","Jeremy Lin","1610612751","BKN","Brooklyn Nets","1610612740","NOP","New Orleans Pelicans","0","1","0","0","0","0","0","0","0","0","0","0","0","0","0","0","0","0","0","0","0","0","0","0","0","0","0","0","0","0","0","0","0","0","0","0","0","0","0","0","0","0","0","0","0","0","0"
"21700826","2018-02-10T00:00:00.000Z","2017","2","203915","Spencer Dinwiddie","1610612751","BKN","Brooklyn Nets","1610612740","NOP","New Orleans Pelicans","1","0","2572.2","24","3","10","13","2","7","9","5","17","22","12","0","12","1","3","45","44","10","3","4","4","0","4","4","6","0","1","1","6","27","24","1390.8","86","1181.4","89","1","85","100","86","28","79","12","62","19"
"21700826","2018-02-10T00:00:00.000Z","2017","2","201960","DeMarre Carroll","1610612751","BKN","Brooklyn Nets","1610612740","NOP","New Orleans Pelicans","1","0","2179","12","3","9","12","1","3","4","4","12","16","3","1","4","5","4","41","41","5","0","1","1","0","2","5","2","1","0","3","2","18","12","1234.7","73","944.3","73","0","70","82","76","22","70","10","57","15"
"21700826","2018-02-10T00:00:00.000Z","2017","2","203925","Joe Harris","1610612751","BKN","Brooklyn Nets","1610612740","NOP","New Orleans Pelicans","1","0","2052.8","12","2","2","4","2","2","4","4","4","8","2","0","2","2","8","35","37","3","2","0","1","2","0","6","1","0","0","3","1","9","12","1066.4","69","986.4","73","0","78","74","72","29","70","13","51","13"
"21700826","2018-02-10T00:00:00.000Z","2017","2","203112","Quincy Acy","1610612751","BKN","Brooklyn Nets","1610612740","NOP","New Orleans Pelicans","0","0","2374","10","1","2","3","2","5","7","3","7","10","2","0","2","1","4","44","34","2","1","0","1","0","3","4","2","0","0","2","0","10","8","1290.6","83","1083.4","84","0","87","88","84","28","79","13","48","16"
"21700826","2018-02-10T00:00:00.000Z","2017","2","1628495","Milton Doyle","1610612751","BKN","Brooklyn Nets","1610612740","NOP","New Orleans Pelicans","0","0","0","0","0","0","0","0","0","0","0","0","0","0","0","0","0","0","0","0","0","0","0","0","0","0","0","0","0","0","0","0","0","0","0","0","0","0","0","0","0","0","0","0","0","0","0"
"21700826","2018-02-10T00:00:00.000Z","2017","2","1627785","Isaiah Whitehead","1610612751","BKN","Brooklyn Nets","1610612740","NOP","New Orleans Pelicans","0","0","0","0","0","0","0","0","0","0","0","0","0","0","0","0","0","0","0","0","0","0","0","0","0","0","0","0","0","0","0","0","0","0","0","0","0","0","0","0","0","0","0","0","0","0","0"
"21700826","2018-02-10T00:00:00.000Z","2017","2","202389","Timofey Mozgov","1610612751","BKN","Brooklyn Nets","1610612740","NOP","New Orleans Pelicans","0","0","0","0","0","0","0","0","0","0","0","0","0","0","0","0","0","0","0","0","0","0","0","0","0","0","0","0","0","0","0","0","0","0","0","0","0","0","0","0","0","0","0","0","0","0","0"
"21700826","2018-02-10T00:00:00.000Z","2017","2","1627747","Caris LeVert","1610612751","BKN","Brooklyn Nets","1610612740","NOP","New Orleans Pelicans","0","1","0","0","0","0","0","0","0","0","0","0","0","0","0","0","0","0","0","0","0","0","0","0","0","0","0","0","0","0","0","0","0","0","0","0","0","0","0","0","0","0","0","0","0","0","0"
"21700826","2018-02-10T00:00:00.000Z","2017","2","1626178","Rondae Hollis-Jefferson","1610612751","BKN","Brooklyn Nets","1610612740","NOP","New Orleans Pelicans","0","1","0","0","0","0","0","0","0","0","0","0","0","0","0","0","0","0","0","0","0","0","0","0","0","0","0","0","0","0","0","0","0","0","0","0","0","0","0","0","0","0","0","0","0","0","0"
"21700826","2018-02-10T00:00:00.000Z","2017","2","1628386","Jarrett Allen","1610612751","BKN","Brooklyn Nets","1610612740","NOP","New Orleans Pelicans","1","0","1030","8","4","2","6","0","0","0","4","2","6","0","0","0","3","6","17","25","0","0","0","0","0","0","0","0","0","0","0","0","6","8","551.9","34","478.1","36","0","36","42","34","12","31","5","29","10"
"21700826","2018-02-10T00:00:00.000Z","2017","2","203459","Allen Crabbe","1610612751","BKN","Brooklyn Nets","1610612740","NOP","New Orleans Pelicans","1","0","2660","28","2","4","6","8","10","18","10","14","24","0","0","0","2","4","52","43","1","1","0","0","0","1","4","1","0","0","2","0","24","28","1471.5","90.5","1188.5","93","0","93","103","96","31","91","14","64","16"
"21700826","2018-02-10T00:00:00.000Z","2017","2","201967","Dante Cunningham","1610612751","BKN","Brooklyn Nets","1610612740","NOP","New Orleans Pelicans","0","0","1179","2","1","0","1","0","1","1","1","1","2","0","0","0","2","3","18","20","2","2","2","3","1","0","2","0","0","1","2","0","2","2","566.1","43.5","612.9","43","0","61","40","44","21","40","6","26","8"
"21700826","2018-02-10T00:00:00.000Z","2017","2","202326","DeMarcus Cousins","1610612740","NOP","New Orleans Pelicans","1610612751","BKN","Brooklyn Nets","0","1","0","0","0","0","0","0","0","0","0","0","0","0","0","0","0","0","0","0","0","0","0","0","0","0","0","0","0","0","0","0","0","0","0","0","0","0","0","0","0","0","0","0","0","0","0"
"21700826","2018-02-10T00:00:00.000Z","2017","2","203546","Ian Clark","1610612740","NOP","New Orleans Pelicans","1610612751","BKN","Brooklyn Nets","0","0","1081","3","1","4","5","0","0","0","1","4","5","1","0","1","0","0","12","16","0","1","1","1","0","0","0","0","0","0","0","0","5","2","576.8","40","504.2","38","0","46","52","34","17","30","8","20","17"
"21700826","2018-02-10T00:00:00.000Z","2017","2","202703","Nikola Mirotic","1610612740","NOP","New Orleans Pelicans","1610612751","BKN","Brooklyn Nets","1","0","2936","21","6","4","10","2","6","8","8","10","18","3","1","4","5","11","50","55","1","2","0","1","5","1","2","4","1","0","2","2","20","21","1333.5","104","1602.5","99","0","115","99","100","44","92","11","48","45"
"21700826","2018-02-10T00:00:00.000Z","2017","2","1628429","Charles Cooke","1610612740","NOP","New Orleans Pelicans","1610612751","BKN","Brooklyn Nets","0","0","0","0","0","0","0","0","0","0","0","0","0","0","0","0","0","0","0","0","0","0","0","0","0","0","0","0","0","0","0","0","0","0","0","0","0","0","0","0","0","0","0","0","0","0","0"
"21700826","2018-02-10T00:00:00.000Z","2017","2","200765","Rajon Rondo","1610612740","NOP","New Orleans Pelicans","1610612751","BKN","Brooklyn Nets","1","0","2494.2","25","11","4","15","0","1","1","11","5","16","3","3","6","3","7","41","47","12","0","2","3","1","0","1","4","0","0","0","0","16","22","1141.3","89.8333333333333","1352.9","86","0","107","89","88","42","80","12","41","40"
"21700826","2018-02-10T00:00:00.000Z","2017","2","201950","Jrue Holiday","1610612740","NOP","New Orleans Pelicans","1610612751","BKN","Brooklyn Nets","1","0","2929","22","6","7","13","1","1","2","7","8","15","7","5","12","1","6","51","53","5","1","2","2","0","0","4","9","0","0","2","5","18","19","1336","101.666666666667","1593","99","2","109","106","98","41","90","11","44","52"
"21700826","2018-02-10T00:00:00.000Z","2017","2","1627767","Cheick Diallo","1610612740","NOP","New Orleans Pelicans","1610612751","BKN","Brooklyn Nets","0","0","744","8","3","1","4","0","0","0","3","1","4","2","0","2","0","7","10","13","0","0","0","0","0","0","1","1","0","0","1","1","5","8","363.3","25","380.7","27","0","30","25","23","12","22","4","14","9"
"21700826","2018-02-10T00:00:00.000Z","2017","2","1628402","Frank Jackson","1610612740","NOP","New Orleans Pelicans","1610612751","BKN","Brooklyn Nets","0","1","0","0","0","0","0","0","0","0","0","0","0","0","0","0","0","0","0","0","0","0","0","0","0","0","0","0","0","0","0","0","0","0","0","0","0","0","0","0","0","0","0","0","0","0","0"
"21700826","2018-02-10T00:00:00.000Z","2017","2","203121","Darius Miller","1610612740","NOP","New Orleans Pelicans","1610612751","BKN","Brooklyn Nets","0","0","1417","3","0","1","1","1","2","3","1","3","4","0","0","0","1","1","18","26","1","0","1","1","0","1","3","0","0","0","1","0","4","3","669.9","49","747.1","48","0","58","60","43","21","39","6","22","29"
"21700826","2018-02-10T00:00:00.000Z","2017","2","203076","Anthony Davis","1610612740","NOP","New Orleans Pelicans","1610612751","BKN","Brooklyn Nets","1","0","2982","44","13","17","30","3","2","5","16","19","35","9","5","14","4","13","49","56","2","6","1","3","3","0","2","10","0","1","2","7","39","42","1381.8","107","1600.2","101","3","120","111","101","44","91","13","45","56"
"21700826","2018-02-10T00:00:00.000Z","2017","2","202732","DeAndre Liggins","1610612740","NOP","New Orleans Pelicans","1610612751","BKN","Brooklyn Nets","0","0","163.8","0","0","0","0","0","1","1","0","1","1","0","0","0","0","0","2","1","0","0","1","1","0","0","0","0","0","0","0","0","1","0","91.4","6.5","72.4","6","0","4","12","5","1","4","1","0","5"
"21700826","2018-02-10T00:00:00.000Z","2017","2","201582","Alexis Ajinca","1610612740","NOP","New Orleans Pelicans","1610612751","BKN","Brooklyn Nets","0","1","0","0","0","0","0","0","0","0","0","0","0","0","0","0","0","0","0","0","0","0","0","0","0","0","0","0","0","0","0","0","0","0","0","0","0","0","0","0","0","0","0","0","0","0","0"
"21700826","2018-02-10T00:00:00.000Z","2017","2","203524","Solomon Hill","1610612740","NOP","New Orleans Pelicans","1610612751","BKN","Brooklyn Nets","0","1","0","0","0","0","0","0","0","0","0","0","0","0","0","0","0","0","0","0","0","0","0","0","0","0","0","0","0","0","0","0","0","0","0","0","0","0","0","0","0","0","0","0","0","0","0"
"21700826","2018-02-10T00:00:00.000Z","2017","2","2731","Emeka Okafor","1610612740","NOP","New Orleans Pelicans","1610612751","BKN","Brooklyn Nets","0","0","0","0","0","0","0","0","0","0","0","0","0","0","0","0","0","0","0","0","0","0","0","0","0","0","0","0","0","0","0","0","0","0","0","0","0","0","0","0","0","0","0","0","0","0","0"
"21700826","2018-02-10T00:00:00.000Z","2017","2","202734","E'Twaun Moore","1610612740","NOP","New Orleans Pelicans","1610612751","BKN","Brooklyn Nets","1","0","2633","12","3","1","4","2","2","4","5","3","8","0","0","0","0","0","47","48","2","0","2","3","1","1","3","1","1","0","1","0","8","12","1180","92","1453","91","0","101","86","88","38","82","9","41","42"
"21700697","2018-01-23T00:00:00.000Z","2017","2","1627785","Isaiah Whitehead","1610612751","BKN","Brooklyn Nets","1610612760","OKC","Oklahoma City Thunder","0","0","0","0","0","0","0","0","0","0","0","0","0","0","0","0","0","0","0","0","0","0","0","0","0","0","0","0","0","0","0","0","0","0","0","0","0","0","0","0","0","0","0","0","0","0","0"
"21700697","2018-01-23T00:00:00.000Z","2017","2","202389","Timofey Mozgov","1610612751","BKN","Brooklyn Nets","1610612760","OKC","Oklahoma City Thunder","0","0","0","0","0","0","0","0","0","0","0","0","0","0","0","0","0","0","0","0","0","0","0","0","0","0","0","0","0","0","0","0","0","0","0","0","0","0","0","0","0","0","0","0","0","0","0"
"21700697","2018-01-23T00:00:00.000Z","2017","2","1627747","Caris LeVert","1610612751","BKN","Brooklyn Nets","1610612760","OKC","Oklahoma City Thunder","0","0","1158","6","2","1","3","0","1","1","2","2","4","2","1","3","0","5","17","21","6","0","1","2","0","0","3","2","0","0","1","2","5","6","673","39.5","485","40","1","47","48","38","16","32","6","19","15"
"21700697","2018-01-23T00:00:00.000Z","2017","2","1626178","Rondae Hollis-Jefferson","1610612751","BKN","Brooklyn Nets","1610612760","OKC","Oklahoma City Thunder","1","0","1632.5","11","4","4","8","0","1","1","4","5","9","3","1","4","1","5","24","35","3","0","0","1","0","1","1","3","0","1","0","2","11","11","888.8","51","743.7","55","0","51","61","46","17","41","8","52","11"
"21700697","2018-01-23T00:00:00.000Z","2017","2","1628386","Jarrett Allen","1610612751","BKN","Brooklyn Nets","1610612760","OKC","Oklahoma City Thunder","0","0","1393.7","12","3","2","5","1","0","1","4","2","6","3","3","6","4","7","20","25","1","0","0","0","1","0","3","4","0","0","2","3","9","12","789.8","46","603.9","47","0","55","51","44","19","39","8","32","11"
"21700697","2018-01-23T00:00:00.000Z","2017","2","203459","Allen Crabbe","1610612751","BKN","Brooklyn Nets","1610612760","OKC","Oklahoma City Thunder","1","0","1889","12","3","2","5","2","6","8","5","8","13","0","0","0","0","6","28","36","1","1","1","1","0","1","3","0","0","0","2","0","13","12","1027.1","61","861.9","62","0","64","71","56","22","50","9","55","13"
"22200475","2022-12-21T00:00:00.000Z","2022","2","1628370","Malik Monk","1610612758","SAC","Sacramento Kings","1610612747","LAL","Los Angeles Lakers","0","0","1096.5","2","1","1","2","0","1","1","1","2","3","0","0","0","0","1","18","17","6","0","0","1","0","0","1","0","1","0","1","0","3","2","530.5","40","566","40","0","50","44","42","21","40","4","27","5"
"22200475","2022-12-21T00:00:00.000Z","2022","2","1629056","Terence Davis","1610612758","SAC","Sacramento Kings","1610612747","LAL","Los Angeles Lakers","0","0","920","3","0","1","1","1","4","5","1","5","6","0","0","0","0","1","14","15","1","0","1","2","2","0","4","0","0","0","3","0","6","3","448","33","472","36","0","32","38","32","14","30","5","23","4"
"22200475","2022-12-21T00:00:00.000Z","2022","2","1628368","De'Aaron Fox","1610612758","SAC","Sacramento Kings","1610612747","LAL","Los Angeles Lakers","1","0","1819.8","22","7","3","10","0","3","3","7","6","13","8","1","9","0","4","28","26","6","0","1","2","0","2","4","6","0","1","3","5","17","22","862.3","71","957.5","70","1","80","83","68","30","60","8","34","18"
"22200475","2022-12-21T00:00:00.000Z","2022","2","1629002","Chimezie Metu","1610612758","SAC","Sacramento Kings","1610612747","LAL","Los Angeles Lakers","0","0","0","0","0","0","0","0","0","0","0","0","0","0","0","0","0","0","0","0","0","0","0","0","0","0","0","0","0","0","0","0","0","0","0","0","0","0","0","0","0","0","0","0","0","0","0"
"22200475","2022-12-21T00:00:00.000Z","2022","2","203521","Matthew Dellavedova","1610612758","SAC","Sacramento Kings","1610612747","LAL","Los Angeles Lakers","0","0","102","0","0","0","0","0","0","0","0","0","0","0","0","0","0","0","2","1","0","0","0","0","0","0","0","0","0","0","0","0","0","0","70.5","3","31.5","3","0","0","7","3","0","3","1","2","1"
"22200475","2022-12-21T00:00:00.000Z","2022","2","1628989","Kevin Huerter","1610612758","SAC","Sacramento Kings","1610612747","LAL","Los Angeles Lakers","1","0","1917","26","6","1","7","3","4","7","9","5","14","5","0","5","1","4","28","25","1","3","1","2","0","0","2","3","0","0","1","2","16","25","908.1","70","1008.9","68","0","100","77","71","33","62","7","38","18"
"22200475","2022-12-21T00:00:00.000Z","2022","2","1627734","Domantas Sabonis","1610612758","SAC","Sacramento Kings","1610612747","LAL","Los Angeles Lakers","1","0","2238","13","3","3","6","1","1","2","4","4","8","4","0","4","7","14","34","33","12","1","2","4","0","1","3","3","1","0","3","1","9","9","1076.1","82","1161.9","79","0","109","89","82","36","72","9","49","18"
"22200475","2022-12-21T00:00:00.000Z","2022","2","1631099","Keegan Murray","1610612758","SAC","Sacramento Kings","1610612747","LAL","Los Angeles Lakers","1","0","2079","23","1","4","5","6","6","12","7","10","17","3","1","4","0","3","31","31","1","1","1","1","0","1","2","2","0","2","0","2","19","23","981.1","77","1097.9","75","0","104","80","77","34","67","9","45","18"
"22200475","2022-12-21T00:00:00.000Z","2022","2","1630558","Davion Mitchell","1610612758","SAC","Sacramento Kings","1610612747","LAL","Los Angeles Lakers","0","0","957.7","8","1","0","1","2","3","5","3","3","6","0","0","0","0","0","14","14","1","1","0","0","0","0","2","0","0","1","1","0","6","8","461.3","33","496.4","34","0","54","32","35","18","32","3","24","5"
"22200475","2022-12-21T00:00:00.000Z","2022","2","1631320","Chima Moneke","1610612758","SAC","Sacramento Kings","1610612747","LAL","Los Angeles Lakers","0","0","0","0","0","0","0","0","0","0","0","0","0","0","0","0","0","0","0","0","0","0","0","0","0","0","0","0","0","0","0","0","0","0","0","0","0","0","0","0","0","0","0","0","0","0","0"
"22200475","2022-12-21T00:00:00.000Z","2022","2","1626158","Richaun Holmes","1610612758","SAC","Sacramento Kings","1610612747","LAL","Los Angeles Lakers","0","0","0","0","0","0","0","0","0","0","0","0","0","0","0","0","0","0","0","0","0","0","0","0","0","0","0","0","0","0","0","0","0","0","0","0","0","0","0","0","0","0","0","0","0","0","0"
"22200475","2022-12-21T00:00:00.000Z","2022","2","1631165","Keon Ellis","1610612758","SAC","Sacramento Kings","1610612747","LAL","Los Angeles Lakers","0","0","0","0","0","0","0","0","0","0","0","0","0","0","0","0","0","0","0","0","0","0","0","0","0","0","0","0","0","0","0","0","0","0","0","0","0","0","0","0","0","0","0","0","0","0","0"
"22200475","2022-12-21T00:00:00.000Z","2022","2","203458","Alex Len","1610612758","SAC","Sacramento Kings","1610612747","LAL","Los Angeles Lakers","0","0","0","0","0","0","0","0","0","0","0","0","0","0","0","0","0","0","0","0","0","0","0","0","0","0","0","0","0","0","0","0","0","0","0","0","0","0","0","0","0","0","0","0","0","0","0"
"22200475","2022-12-21T00:00:00.000Z","2022","2","1629644","Kezie Okpala","1610612758","SAC","Sacramento Kings","1610612747","LAL","Los Angeles Lakers","0","0","102","0","0","0","0","0","0","0","0","0","0","0","0","0","0","0","2","1","0","0","0","0","0","0","0","0","0","0","0","0","0","0","70.5","3","31.5","3","0","0","7","3","0","3","1","2","1"
"22200475","2022-12-21T00:00:00.000Z","2022","2","203084","Harrison Barnes","1610612758","SAC","Sacramento Kings","1610612747","LAL","Los Angeles Lakers","1","0","2033","20","5","3","8","3","4","7","8","7","15","1","2","3","1","7","31","29","1","0","0","0","0","0","0","2","0","1","0","2","16","20","981.1","75","1051.9","74","1","97","89","74","33","64","8","39","21"
"22200475","2022-12-21T00:00:00.000Z","2022","2","1626168","Trey Lyles","1610612758","SAC","Sacramento Kings","1610612747","LAL","Los Angeles Lakers","0","0","481","7","2","1","3","1","4","5","3","5","8","0","1","1","0","0","8","5","0","0","0","0","0","1","0","1","0","0","0","1","8","7","263","18","218","18","1","19","23","19","9","19","2","6","5"
"22200475","2022-12-21T00:00:00.000Z","2022","2","1629674","Neemias Queta","1610612758","SAC","Sacramento Kings","1610612747","LAL","Los Angeles Lakers","0","0","639","10","5","0","5","0","0","0","5","0","5","0","2","2","1","2","10","8","0","0","0","0","0","0","3","1","0","1","2","1","6","10","318","24","321","26","0","25","31","24","12","23","3","11","6"
"22200475","2022-12-21T00:00:00.000Z","2022","2","201566","Russell Westbrook","1610612747","LAL","Los Angeles Lakers","1610612758","SAC","Sacramento Kings","0","1","0","0","0","0","0","0","0","0","0","0","0","0","0","0","0","0","0","0","0","0","0","0","0","0","0","0","0","0","0","0","0","0","0","0","0","0","0","0","0","0","0","0","0","0","0"
"22200475","2022-12-21T00:00:00.000Z","2022","2","203076","Anthony Davis","1610612747","LAL","Los Angeles Lakers","1610612758","SAC","Sacramento Kings","0","1","0","0","0","0","0","0","0","0","0","0","0","0","0","0","0","0","0","0","0","0","0","0","0","0","0","0","0","0","0","0","0","0","0","0","0","0","0","0","0","0","0","0","0","0","0"
"22200475","2022-12-21T00:00:00.000Z","2022","2","1629022","Lonnie Walker","1610612747","LAL","Los Angeles Lakers","1610612758","SAC","Sacramento Kings","1","0","2182","19","3","4","7","3","3","6","6","7","13","4","0","4","0","5","31","33","1","2","0","2","1","0","2","3","1","0","2","2","15","19","1134.4","80","1047.6","82","0","90","105","71","31","63","10","35","40"
"22200475","2022-12-21T00:00:00.000Z","2022","2","2544","LeBron James","1610612747","LAL","Los Angeles Lakers","1610612758","SAC","Sacramento Kings","1","0","2037","31","11","6","17","0","4","4","11","10","21","9","1","10","0","6","28","30","11","0","2","2","2","1","0","6","0","0","0","5","24","29","1076.9","74","960.1","75","2","93","97","66","34","61","10","33","33"
"22200475","2022-12-21T00:00:00.000Z","2022","2","1628972","Troy Brown","1610612747","LAL","Los Angeles Lakers","1610612758","SAC","Sacramento Kings","0","0","890","7","1","3","4","1","2","3","2","5","7","2","0","2","1","4","14","14","0","0","1","1","0","0","2","1","0","0","1","1","8","7","446","31","444","30","0","33","42","28","11","25","6","17","12"
"22200475","2022-12-21T00:00:00.000Z","2022","2","1631108","Max Christie","1610612747","LAL","Los Angeles Lakers","1610612758","SAC","Sacramento Kings","0","0","1583","6","0","1","1","2","0","2","2","1","3","0","0","0","0","4","24","22","3","0","0","0","0","0","2","0","0","0","2","0","3","6","824.9","57","758.1","57","0","60","76","52","22","47","9","27","24"
"22200475","2022-12-21T00:00:00.000Z","2022","2","1629134","Kendrick Nunn","1610612747","LAL","Los Angeles Lakers","1610612758","SAC","Sacramento Kings","0","0","665","0","0","5","5","0","1","1","0","6","6","0","0","0","0","0","8","10","0","0","0","1","0","1","0","0","0","0","0","0","6","0","340.5","25","324.5","23","0","32","26","23","11","20","3","15","8"
"22200475","2022-12-21T00:00:00.000Z","2022","2","1630590","Scotty Pippen","1610612747","LAL","Los Angeles Lakers","1610612758","SAC","Sacramento Kings","0","0","0","0","0","0","0","0","0","0","0","0","0","0","0","0","0","0","0","0","0","0","0","0","0","0","0","0","0","0","0","0","0","0","0","0","0","0","0","0","0","0","0","0","0","0","0"
"22200475","2022-12-21T00:00:00.000Z","2022","2","1630559","Austin Reaves","1610612747","LAL","Los Angeles Lakers","1610612758","SAC","Sacramento Kings","0","1","0","0","0","0","0","0","0","0","0","0","0","0","0","0","0","0","0","0","0","0","0","0","0","0","0","0","0","0","0","0","0","0","0","0","0","0","0","0","0","0","0","0","0","0","0"
"22200475","2022-12-21T00:00:00.000Z","2022","2","203471","Dennis Schröder","1610612747","LAL","Los Angeles Lakers","1610612758","SAC","Sacramento Kings","1","0","1787","18","4","5","9","2","2","4","6","7","13","4","2","6","0","1","26","30","3","0","2","2","0","0","4","5","0","1","2","1","14","15","892.5","66","894.5","66","0","72","80","57","24","50","12","28","31"
"22200475","2022-12-21T00:00:00.000Z","2022","2","1631306","Cole Swider","1610612747","LAL","Los Angeles Lakers","1610612758","SAC","Sacramento Kings","0","0","0","0","0","0","0","0","0","0","0","0","0","0","0","0","0","0","0","0","0","0","0","0","0","0","0","0","0","0","0","0","0","0","0","0","0","0","0","0","0","0","0","0","0","0","0"
"22200475","2022-12-21T00:00:00.000Z","2022","2","201976","Patrick Beverley","1610612747","LAL","Los Angeles Lakers","1610612758","SAC","Sacramento Kings","1","0","2232","13","4","1","5","1","1","2","5","2","7","2","0","2","0","2","32","35","3","3","1","3","1","0","1","1","2","1","1","1","8","13","1156.9","82","1075.1","83","0","93","108","74","33","66","9","35","38"
"22200475","2022-12-21T00:00:00.000Z","2022","2","1627745","Damian Jones","1610612747","LAL","Los Angeles Lakers","1610612758","SAC","Sacramento Kings","0","0","371","2","1","0","1","0","0","0","1","0","1","0","0","0","1","2","4","6","0","0","0","0","0","0","0","0","0","0","0","0","1","2","189.5","14","181.5","13","0","19","15","13","6","11","2","8","7"
"22200475","2022-12-21T00:00:00.000Z","2022","2","1628418","Thomas Bryant","1610612747","LAL","Los Angeles Lakers","1610612758","SAC","Sacramento Kings","1","0","1870.1","17","4","3","7","2","0","2","6","3","9","3","1","4","2","8","26","27","4","1","0","2","0","0","4","2","1","0","4","2","11","17","954.8","67","915.3","70","0","74","86","60","26","54","9","25","32"
"21700697","2018-01-23T00:00:00.000Z","2017","2","203092","Tyler Zeller","1610612751","BKN","Brooklyn Nets","1610612760","OKC","Oklahoma City Thunder","1","0","895","4","2","1","3","0","0","0","2","1","3","0","0","0","1","2","15","18","1","0","0","0","2","0","4","0","0","0","3","0","3","4","500","29","395","29","0","29","33","28","11","27","4","28","4"
"21700827","2018-02-10T00:00:00.000Z","2017","2","1628503","Jamel Artis","1610612753","ORL","Orlando Magic","1610612749","MIL","Milwaukee Bucks","0","0","0","0","0","0","0","0","0","0","0","0","0","0","0","0","0","0","0","0","0","0","0","0","0","0","0","0","0","0","0","0","0","0","0","0","0","0","0","0","0","0","0","0","0","0","0"
"21700827","2018-02-10T00:00:00.000Z","2017","2","203932","Aaron Gordon","1610612753","ORL","Orlando Magic","1610612749","MIL","Milwaukee Bucks","0","1","0","0","0","0","0","0","0","0","0","0","0","0","0","0","0","0","0","0","0","0","0","0","0","0","0","0","0","0","0","0","0","0","0","0","0","0","0","0","0","0","0","0","0","0","0"
"21700827","2018-02-10T00:00:00.000Z","2017","2","1628371","Jonathan Isaac","1610612753","ORL","Orlando Magic","1610612749","MIL","Milwaukee Bucks","0","1","0","0","0","0","0","0","0","0","0","0","0","0","0","0","0","0","0","0","0","0","0","0","0","0","0","0","0","0","0","0","0","0","0","0","0","0","0","0","0","0","0","0","0","0","0"
"21700827","2018-02-10T00:00:00.000Z","2017","2","201167","Arron Afflalo","1610612753","ORL","Orlando Magic","1610612749","MIL","Milwaukee Bucks","0","0","1196","5","1","1","2","1","2","3","2","3","5","0","0","0","0","6","17","24","1","0","0","0","0","0","1","0","0","0","1","0","5","5","582.1","41","613.9","41","0","46","40","38","16","33","6","26","10"
"21700827","2018-02-10T00:00:00.000Z","2017","2","201578","Marreese Speights","1610612753","ORL","Orlando Magic","1610612749","MIL","Milwaukee Bucks","0","0","695.8","3","0","1","1","1","2","3","1","3","4","0","0","0","1","1","11","16","0","0","2","2","0","0","2","0","0","0","2","0","4","3","351.9","24.5","343.9","22","0","24","24","23","8","20","4","12","9"
"21700827","2018-02-10T00:00:00.000Z","2017","2","202714","Shelvin Mack","1610612753","ORL","Orlando Magic","1610612749","MIL","Milwaukee Bucks","0","0","1661","19","6","0","6","2","2","4","8","2","10","1","1","2","0","4","21","27","10","2","2","4","1","0","2","2","0","0","1","1","11","19","836.5","56","824.5","55","0","67","68","54","25","47","7","32","16"
"21700827","2018-02-10T00:00:00.000Z","2017","2","1626209","Mario Hezonja","1610612753","ORL","Orlando Magic","1610612749","MIL","Milwaukee Bucks","1","0","2111","23","7","4","11","1","4","5","8","8","16","6","1","7","0","3","28","21","0","3","1","2","0","0","2","3","1","0","1","3","19","22","1150.6","70.5","960.4","68","0","82","89","68","30","60","9","43","16"
"21700827","2018-02-10T00:00:00.000Z","2017","2","202696","Nikola Vucevic","1610612753","ORL","Orlando Magic","1610612749","MIL","Milwaukee Bucks","0","1","0","0","0","0","0","0","0","0","0","0","0","0","0","0","0","0","0","0","0","0","0","0","0","0","0","0","0","0","0","0","0","0","0","0","0","0","0","0","0","0","0","0","0","0","0"
"21700827","2018-02-10T00:00:00.000Z","2017","2","203095","Evan Fournier","1610612753","ORL","Orlando Magic","1610612749","MIL","Milwaukee Bucks","1","0","1761","20","6","4","10","2","3","5","8","7","15","2","0","2","1","1","27","16","1","0","2","3","1","1","1","2","0","0","0","1","16","20","929.6","57","831.4","56","0","65","71","60","24","55","5","36","13"
"21700827","2018-02-10T00:00:00.000Z","2017","2","202687","Bismack Biyombo","1610612753","ORL","Orlando Magic","1610612749","MIL","Milwaukee Bucks","1","0","1196","4","1","4","5","0","0","0","1","4","5","2","0","2","2","5","21","12","2","0","0","0","1","1","0","1","0","0","0","1","6","4","671","39.5","525","38","0","37","43","39","12","35","5","25","9"
"21700827","2018-02-10T00:00:00.000Z","2017","2","201571","D.J. Augustin","1610612753","ORL","Orlando Magic","1610612749","MIL","Milwaukee Bucks","1","0","1399.8","11","2","1","3","0","4","4","2","5","7","7","0","7","1","3","23","15","5","0","0","1","0","0","0","4","0","1","0","2","9","9","765.5","47","634.3","46","0","47","54","47","16","42","5","29","12"
"21700827","2018-02-10T00:00:00.000Z","2017","2","203613","Jonathon Simmons","1610612753","ORL","Orlando Magic","1610612749","MIL","Milwaukee Bucks","1","0","1554.7","9","3","5","8","1","5","6","4","10","14","0","0","0","1","1","27","15","3","1","0","0","0","1","3","0","0","0","2","0","14","9","883.1","50.5","671.6","50","0","50","63","52","18","48","5","29","12"
"21700827","2018-02-10T00:00:00.000Z","2017","2","203920","Khem Birch","1610612753","ORL","Orlando Magic","1610612749","MIL","Milwaukee Bucks","0","0","1471.2","6","2","3","5","0","0","0","2","3","5","2","2","4","4","5","24","22","1","1","0","0","0","1","0","2","0","0","0","2","7","6","780.6","48.5","690.6","49","0","50","55","49","18","42","6","27","13"
"21700827","2018-02-10T00:00:00.000Z","2017","2","1628411","Wesley Iwundu","1610612753","ORL","Orlando Magic","1610612749","MIL","Milwaukee Bucks","0","0","1338.5","4","1","1","2","0","0","0","1","1","2","2","0","2","0","2","16","27","0","0","0","0","0","0","2","1","0","0","1","1","3","4","646.6","45.5","691.9","44","0","52","48","40","18","33","8","26","15"
"21700827","2018-02-10T00:00:00.000Z","2017","2","203082","Terrence Ross","1610612753","ORL","Orlando Magic","1610612749","MIL","Milwaukee Bucks","0","1","0","0","0","0","0","0","0","0","0","0","0","0","0","0","0","0","0","0","0","0","0","0","0","0","0","0","0","0","0","0","0","0","0","0","0","0","0","0","0","0","0","0","0","0","0"
"21700827","2018-02-10T00:00:00.000Z","2017","2","204098","Xavier Munford","1610612749","MIL","Milwaukee Bucks","1610612753","ORL","Orlando Magic","0","0","0","0","0","0","0","0","0","0","0","0","0","0","0","0","0","0","0","0","0","0","0","0","0","0","0","0","0","0","0","0","0","0","0","0","0","0","0","0","0","0","0","0","0","0","0"
"21700827","2018-02-10T00:00:00.000Z","2017","2","1891","Jason Terry","1610612749","MIL","Milwaukee Bucks","1610612753","ORL","Orlando Magic","0","0","875.8","11","1","1","2","3","2","5","4","3","7","0","0","0","0","1","19","14","0","0","0","0","0","0","1","0","0","0","1","0","7","11","404.7","27.5","471.1","30","0","29","25","31","9","26","2","15","9"
"21700827","2018-02-10T00:00:00.000Z","2017","2","1628391","D.J. Wilson","1610612749","MIL","Milwaukee Bucks","1610612753","ORL","Orlando Magic","0","0","0","0","0","0","0","0","0","0","0","0","0","0","0","0","0","0","0","0","0","0","0","0","0","0","0","0","0","0","0","0","0","0","0","0","0","0","0","0","0","0","0","0","0","0","0"
"21700827","2018-02-10T00:00:00.000Z","2017","2","202339","Eric Bledsoe","1610612749","MIL","Milwaukee Bucks","1610612753","ORL","Orlando Magic","1","0","2001.2","18","4","3","7","2","1","3","6","4","10","4","0","4","0","3","20","29","8","1","2","3","0","0","3","3","1","1","2","0","10","14","952.8","66.5","1048.4","66","0","82","79","58","34","56","10","38","21"
"21700827","2018-02-10T00:00:00.000Z","2017","2","1627748","Thon Maker","1610612749","MIL","Milwaukee Bucks","1610612753","ORL","Orlando Magic","1","0","1573","13","4","1","5","1","2","3","5","3","8","2","0","2","0","3","18","27","1","0","0","0","1","0","2","1","0","0","2","1","9","13","718.6","49","854.4","49","0","58","49","44","23","42","6","26","17"
"21700827","2018-02-10T00:00:00.000Z","2017","2","203521","Matthew Dellavedova","1610612749","MIL","Milwaukee Bucks","1610612753","ORL","Orlando Magic","0","1","0","0","0","0","0","0","0","0","0","0","0","0","0","0","0","0","0","0","0","0","0","0","0","0","0","0","0","0","0","0","0","0","0","0","0","0","0","0","0","0","0","0","0","0","0"
"21700827","2018-02-10T00:00:00.000Z","2017","2","203930","Sean Kilpatrick","1610612749","MIL","Milwaukee Bucks","1610612753","ORL","Orlando Magic","0","0","1439","9","2","2","4","1","4","5","3","6","9","2","0","2","1","3","27","18","3","2","0","0","0","0","0","1","0","0","0","1","10","9","721.9","46.5","717.1","49","0","53","54","50","19","44","4","24","13"
"21700827","2018-02-10T00:00:00.000Z","2017","2","203953","Jabari Parker","1610612749","MIL","Milwaukee Bucks","1610612753","ORL","Orlando Magic","0","1","0","0","0","0","0","0","0","0","0","0","0","0","0","0","0","0","0","0","0","0","0","0","0","0","0","0","0","0","0","0","0","0","0","0","0","0","0","0","0","0","0","0","0","0","0"
"21700827","2018-02-10T00:00:00.000Z","2017","2","1627763","Malcolm Brogdon","1610612749","MIL","Milwaukee Bucks","1610612753","ORL","Orlando Magic","0","1","0","0","0","0","0","0","0","0","0","0","0","0","0","0","0","0","0","0","0","0","0","0","0","0","0","0","0","0","0","0","0","0","0","0","0","0","0","0","0","0","0","0","0","0","0"
"21700827","2018-02-10T00:00:00.000Z","2017","2","203503","Tony Snell","1610612749","MIL","Milwaukee Bucks","1610612753","ORL","Orlando Magic","1","0","1623","3","0","0","0","1","2","3","1","2","3","0","0","0","0","2","14","23","2","0","0","0","0","0","1","0","0","0","1","0","3","3","757.6","54.5","865.4","54","0","69","65","45","28","43","9","30","17"
"21700827","2018-02-10T00:00:00.000Z","2017","2","203114","Khris Middleton","1610612749","MIL","Milwaukee Bucks","1610612753","ORL","Orlando Magic","1","0","2141.2","21","7","2","9","1","3","4","8","5","13","4","1","5","0","9","24","31","7","2","4","5","0","1","4","2","0","0","2","2","15","21","987.9","69.5","1153.3","70","0","87","83","64","34","60","10","40","23"
"21700827","2018-02-10T00:00:00.000Z","2017","2","1628425","Sterling Brown","1610612749","MIL","Milwaukee Bucks","1610612753","ORL","Orlando Magic","0","0","1157","0","0","4","4","0","1","1","0","5","5","0","0","0","3","3","24","19","1","1","0","1","0","0","0","0","0","0","0","0","5","0","554.9","37","602.1","39","0","38","35","41","13","36","3","20","13"
"21700827","2018-02-10T00:00:00.000Z","2017","2","203089","John Henson","1610612749","MIL","Milwaukee Bucks","1610612753","ORL","Orlando Magic","0","1","0","0","0","0","0","0","0","0","0","0","0","0","0","0","0","0","0","0","0","0","0","0","0","0","0","0","0","0","0","0","0","0","0","0","0","0","0","0","0","0","0","0","0","0","0"
"21700827","2018-02-10T00:00:00.000Z","2017","2","203507","Giannis Antetokounmpo","1610612749","MIL","Milwaukee Bucks","1610612753","ORL","Orlando Magic","1","0","2270.8","32","14","9","23","0","1","1","14","10","24","4","3","7","1","4","28","38","5","1","1","3","2","2","2","6","0","0","1","4","27","32","1050.2","74.5","1220.6","75","1","86","75","67","35","63","10","45","24"
"21700827","2018-02-10T00:00:00.000Z","2017","2","203141","Mirza Teletovic","1610612749","MIL","Milwaukee Bucks","1610612753","ORL","Orlando Magic","0","1","0","0","0","0","0","0","0","0","0","0","0","0","0","0","0","0","0","0","0","0","0","0","0","0","0","0","0","0","0","0","0","0","0","0","0","0","0","0","0","0","0","0","0","0","0"